,city,lat,lon,temp,humidity,cloudiness,wind speed
0,Cayenne,4.9333,-52.3333,80.6,78,75,14.97
1,Nouadhibou,20.931,-17.0347,62.6,82,0,18.41
2,Mayna,54.1135,47.6231,0.25,94,4,7.7
3,Pevek,69.7008,170.3133,-13.72,88,91,3.49
4,Albany,42.6001,-73.9662,18.72,37,100,2.55
5,Arrondissement de Saint-Denis,48.9167,2.3333,25.18,58,0,9.22
6,Ushuaia,-54.8,-68.3,41.0,87,20,6.91
7,Bukama,-9.2,25.85,68.99,94,100,1.74
8,Beyneu,45.3167,55.2,38.68,87,96,21.41
9,Yellowknife,62.456,-114.3525,-9.4,84,1,6.91
10,Savannakhet,16.566,104.751,64.4,77,5,2.3
11,Hobart,-42.8794,147.3294,69.58,55,20,12.66
12,Kurchum,48.5722,83.6542,-2.58,90,20,2.53
13,Carolina,18.3808,-65.9574,74.34,69,20,6.91
14,Berlevåg,70.8578,29.0864,25.83,88,100,13.11
15,Jamestown,42.097,-79.2353,21.76,100,90,3.44
16,Los Llanos de Aridane,28.6585,-17.9182,55.38,82,0,9.22
17,Ribeira Grande,38.5167,-28.7,57.43,68,75,30.27
18,Nikolskoye,59.7035,30.7861,14.23,86,75,6.71
19,San Ignacio,17.1561,-89.0714,78.8,78,0,9.22
20,Faanui,-16.4833,-151.75,81.9,68,27,4.65
21,Bredasdorp,-34.5322,20.0403,64.4,88,0,3.44
22,Imbituba,-28.24,-48.6703,77.0,83,40,3.44
23,Busselton,-33.65,115.3333,79.81,48,0,5.88
24,New Norfolk,-42.7826,147.0587,70.7,35,0,1.99
25,Saskylakh,71.9167,114.0833,-30.96,77,40,3.49
26,Atuona,-9.8,-139.0333,79.41,78,1,15.73
27,Alice Springs,-23.7,133.8833,84.11,47,2,9.22
28,Kaitangata,-46.2817,169.8464,64.99,66,100,7.0
29,Saint-Augustin,51.226,-58.6502,3.16,90,81,11.01
30,La Santisima Trinidad,-14.8333,-64.9,75.9,88,62,2.35
31,Tuktoyaktuk,69.4541,-133.0374,-9.4,77,75,5.75
32,George Town,5.4112,100.3354,80.15,73,20,3.44
33,Rikitea,-23.1203,-134.9692,80.08,74,99,10.0
34,Hermanus,-34.4187,19.2345,61.0,94,0,5.23
35,Chambéry,45.5667,5.9333,25.18,74,90,11.5
36,Qaanaaq,77.484,-69.3632,8.49,76,0,5.46
37,Bairiki Village,1.3292,172.9752,77.0,94,90,3.44
38,Hurup,56.7494,8.4195,16.84,92,0,3.44
39,Assiut,27.181,31.1837,50.0,76,0,5.75
40,Norman Wells,65.282,-126.8329,-7.6,77,1,4.61
41,Carnarvon,-24.8667,113.6333,86.0,79,75,6.91
42,Biak,-0.9131,122.8766,81.1,70,99,1.07
43,Saint-Philippe,-21.3585,55.7679,71.26,83,0,14.97
44,Mataura,-46.1927,168.8643,63.66,63,100,1.03
45,Amahai,-3.3333,128.9167,77.9,87,100,2.08
46,Butaritari,3.0707,172.7902,81.54,78,57,13.65
47,Kiryat Gat,31.61,34.7642,50.99,88,0,4.05
48,Kushima,31.4583,131.2333,60.89,82,75,12.66
49,Kaoma,-14.7833,24.8,62.64,89,100,3.29
50,Darnah,32.767,22.6367,57.42,54,0,12.44
51,Vaini,-21.2,-175.2,86.0,74,20,10.36
52,Gijang,35.2442,129.2139,51.8,71,75,3.44
53,Yashkul',46.1711,45.3435,31.68,94,100,13.18
54,Smithers,54.7804,-127.1743,17.6,53,20,9.22
55,Cherskiy,68.75,161.3,-3.78,84,100,12.59
56,Teontepec,18.5,-97.5167,59.29,35,0,5.84
57,Dunedin,-45.8742,170.5036,64.09,63,100,3.49
58,Kapit,2.0167,112.9333,77.9,85,100,1.43
59,Finspång,58.7058,15.7674,21.2,68,0,11.5
60,Houston,29.7633,-95.3633,37.9,75,90,17.27
61,Punta Arenas,-53.15,-70.9167,44.29,70,40,5.75
62,Upernavik,72.7868,-56.1549,4.8,94,94,4.76
63,‘Āhuimanu,21.4447,-157.8378,79.18,65,90,9.22
64,Bol'shoye Selo,57.7177,38.9334,5.25,94,100,9.31
65,Gornopravdinsk,60.05,69.9,1.38,93,100,6.13
66,Çumra,37.5732,32.7745,33.8,60,0,3.44
67,Mar del Plata,-38.0023,-57.5575,69.44,94,75,5.75
68,Manono,-7.3,27.4167,70.61,92,100,1.23
69,Provideniya,64.3833,-173.3,10.4,91,100,16.8
70,Lubao,14.9167,120.55,78.8,83,75,4.61
71,Praia da Vitória,38.7333,-27.0667,55.51,76,40,19.89
72,Kahului,20.8947,-156.47,74.52,57,40,10.36
73,Boende,-0.2167,20.8667,75.31,78,100,2.62
74,Khatanga,71.9667,102.5,-32.37,83,32,6.91
75,Baghdad,33.3406,44.4009,51.8,76,0,5.75
76,Jumla,29.2747,82.1838,40.84,63,98,3.22
77,Kalmunai,7.4167,81.8167,77.81,89,50,8.48
78,Yantal',56.8471,105.2542,-8.39,87,100,4.81
79,Esperance,-33.8667,121.9,68.0,68,50,10.36
80,East London,-33.0153,27.9116,76.55,85,93,13.0
81,Toccoa,34.5773,-83.3324,42.03,100,90,3.74
82,Kapaa,22.0752,-159.319,77.77,69,40,9.22
83,Castro,-24.7911,-50.0119,62.89,94,0,3.74
84,Saint-Joseph,-21.3667,55.6167,71.37,83,0,14.97
85,Hilo,19.7297,-155.09,68.85,69,20,8.05
86,Nassau,40.7507,-73.5829,28.6,59,90,9.22
87,Fort Nelson,58.8053,-122.7002,-4.0,71,1,3.44
88,Eydhafushi,5.1033,73.0708,80.2,73,4,7.65
89,Qandala,11.472,49.8728,72.32,53,0,3.96
90,Minot,48.2325,-101.2963,-19.7,63,1,6.91
91,Port Macquarie,-31.4333,152.9167,78.01,60,59,1.99
92,Guiratinga,-16.3494,-53.7583,71.44,91,100,3.29
93,Nome,64.5011,-165.4064,23.0,63,75,4.61
94,Lüderitz,-26.6481,15.1594,64.54,83,0,8.84
95,Vágur,61.4732,-6.8119,40.03,82,100,38.68
96,Taoudenni,22.6783,-3.9836,68.18,25,0,16.64
97,Bakau,13.4781,-16.6819,69.8,64,0,3.44
98,Bengkulu,-3.8004,102.2655,82.81,69,100,3.4
99,Kattivākkam,13.2167,80.3167,69.8,88,20,2.3
100,Karratha,-20.7377,116.8463,83.73,58,28,8.75
101,Avarua,-21.2078,-159.775,86.0,74,20,6.91
102,Eten,-6.9081,-79.8642,73.0,87,98,5.01
103,Igarka,67.4667,86.5833,-35.0,81,0,4.05
104,Bethel,41.3712,-73.414,25.47,36,90,4.61
105,Mount Isa,-20.7333,139.5,86.0,66,75,8.05
106,Souillac,-20.5167,57.5167,78.8,83,40,12.66
107,Sola,-13.8833,167.55,81.72,79,100,13.8
108,Sitka,57.0531,-135.33,35.6,38,1,10.36
109,Hithadhoo,-0.6,73.0833,82.62,74,94,9.01
110,Jämsä,61.8642,25.19,15.8,92,1,6.91
111,Bariloche,-41.1456,-71.3082,60.8,48,0,20.71
112,Tiksi,71.6872,128.8694,-15.39,89,100,8.1
113,Tilichiki,60.4667,166.1,-13.59,87,86,10.78
114,Jijiga,9.35,42.8,56.75,36,0,5.44
115,Esmeraldas,-19.7625,-44.3139,69.8,94,75,4.61
116,Yangi Marg`ilon,40.4272,71.7189,37.4,75,0,6.91
117,Houma,29.5958,-90.7195,42.4,81,90,12.66
118,Māngrol,21.1167,70.1167,65.12,78,0,7.23
119,Quatre Cocos,-20.2078,57.7625,77.32,83,40,12.66
120,Sisimiut,66.9395,-53.6735,2.62,90,100,3.53
121,Port Alfred,-33.5906,26.891,73.0,94,56,7.2
122,Isangel,-19.55,169.2667,86.54,64,13,4.38
123,Chālūs,36.655,51.4204,50.0,93,90,2.3
124,Bluff,-46.6,168.3333,57.69,82,100,5.01
125,Barrow,71.2906,-156.7887,-9.4,77,75,12.66
126,Ponta do Sol,32.6667,-17.1,51.31,63,0,3.0
127,Viedma,-40.8135,-62.9967,71.01,83,100,15.5
128,Wenling,28.3669,121.36,61.25,97,40,3.02
129,Cape Town,-33.9258,18.4232,67.71,94,40,6.91
130,Lebu,-37.6167,-73.65,57.07,79,0,17.27
131,Vanimo,-2.6741,141.3028,83.98,75,77,6.35
132,Santa Maria,-29.6842,-53.8069,69.4,79,83,2.93
133,Severodvinsk,64.5635,39.8302,-2.2,84,90,4.47
134,Port Hardy,50.6996,-127.4199,33.8,86,90,17.27
135,La Romana,18.4273,-68.9728,73.4,94,40,8.23
136,Salalah,17.0151,54.0924,66.2,42,0,3.44
137,Puerto Carreño,6.189,-67.4859,84.69,52,98,8.88
138,Canmore,51.0834,-115.3521,-2.15,66,88,5.75
139,Faya,18.3851,42.4509,54.5,82,0,1.97
140,Simao,22.7886,100.9748,62.78,60,0,1.92
141,Hong Kong,22.2855,114.1577,66.04,81,0,2.71
142,Fukuechō,32.6881,128.8419,62.6,72,20,6.91
143,Broome,42.2506,-75.833,25.32,42,90,5.75
144,Thinadhoo,0.5333,72.9333,82.35,72,34,7.49
145,Orda,57.1951,56.9091,29.3,98,100,13.4
146,Tamale,9.4008,-0.8393,81.1,16,0,6.02
147,Panzhihua,26.5851,101.7128,58.59,51,0,0.27
148,Port Elizabeth,-33.918,25.5701,73.4,94,0,6.91
149,Langham,52.3668,-106.9679,-23.39,69,1,8.05
150,Puerto Ayora,-0.7393,-90.3518,79.0,89,81,1.99
151,São João da Barra,-21.6403,-41.0511,77.11,82,100,17.27
152,Boa Vista,2.8197,-60.6733,82.4,65,20,9.22
153,Manaure,11.7751,-72.4445,79.16,76,16,17.4
154,Shiyan,32.6475,110.7781,60.01,35,0,5.99
155,Sovetskiy,61.3614,63.5842,-9.15,91,100,7.29
156,Thompson,55.7435,-97.8558,-20.2,76,40,2.3
157,Kumul,42.8,93.45,30.45,83,0,11.43
158,Isiolo,0.3546,37.5822,68.74,61,16,4.03
159,Humaitá,-7.5061,-63.0208,76.03,93,100,1.21
160,Władysławowo,54.7909,18.4009,27.54,68,0,13.8
161,Piedras Negras,28.7,-100.5167,34.27,80,90,9.22
162,Dikson,73.5069,80.5464,-21.06,88,100,12.15
163,Brno,49.1952,16.608,16.03,92,0,5.75
164,Kruisfontein,-34.0033,24.7314,72.0,95,98,1.01
165,Plettenberg Bay,-34.0527,23.3716,71.2,93,94,5.99
166,Jalu,29.0331,21.5482,52.47,45,0,5.01
167,Crawfordsville,40.0411,-86.8745,11.55,85,75,12.66
168,Beloha,-25.1667,45.05,73.49,78,100,8.23
169,Leningradskiy,69.3833,178.4167,-12.96,86,95,3.2
170,Zapolyarnyy,69.4154,30.8136,-5.8,84,90,6.91
171,Port Augusta,-32.5,137.7667,77.31,64,0,13.8
172,Kindu,-2.95,25.95,71.2,91,100,3.69
173,Pacifica,37.6138,-122.4869,51.3,82,1,16.11
174,Kaeo,-35.1,173.7833,68.0,96,100,5.99
175,Flin Flon,54.7682,-101.865,-17.54,88,55,4.88
176,Santa Isabel Rio Negro,-0.4139,-65.0192,80.31,76,100,2.8
177,Saint Paul Harbor,57.79,-152.4072,35.65,90,100,28.27
178,Lafiagi,8.8667,5.4167,75.79,65,0,1.54
179,Laas,46.6166,10.7002,11.84,72,0,8.05
180,Terney,45.0503,136.6092,36.12,82,100,5.17
181,Mahébourg,-20.4081,57.7,78.8,83,40,12.66
182,Arlit,18.7369,7.3853,66.4,22,0,5.97
183,Harper,4.375,-7.7169,78.69,88,0,8.1
184,Borovoy,55.4333,86.0833,-0.4,78,90,8.95
185,Korla,41.7597,86.1469,36.46,73,100,6.87
186,Panalingaan,8.7842,117.4231,80.4,79,100,10.51
187,North Bend,43.4065,-124.2243,48.22,81,90,11.5
188,Gimli,50.6336,-96.9907,-14.8,53,86,4.61
189,Luanda,-8.8368,13.2343,75.43,80,98,7.76
190,Manggar,-2.8833,108.2667,82.8,73,100,10.69
191,Chokurdakh,70.6333,147.9167,-19.21,78,0,1.25
192,Nanortalik,60.1432,-45.2371,32.95,90,99,0.78
193,Thunder Bay,48.4001,-89.3168,-6.7,49,75,5.75
194,Brattvåg,62.6002,6.4434,19.13,63,0,16.11
195,Clyde River,70.4692,-68.5914,-5.8,92,99,10.36
196,Nemuro,43.3236,145.575,37.4,56,0,3.44
197,Samarai,-10.6167,150.6667,83.84,68,100,3.2
198,Deputatsky,69.3,139.9,-29.38,86,35,2.84
199,Torbay,47.6666,-52.7314,25.02,74,90,11.5
200,Coahuayana Viejo,18.7333,-103.6833,66.2,77,40,2.42
201,Severo-Kuril'sk,50.6789,156.125,26.87,93,99,9.6
202,Tasiilaq,65.6145,-37.6368,32.49,92,100,25.66
203,Marsh Harbour,26.5412,-77.0636,75.52,85,0,17.02
204,Brædstrup,55.9708,9.6085,13.69,92,90,3.44
205,Taltal,-25.4,-70.4833,67.6,69,0,3.98
206,Gravelbourg,49.8834,-106.5512,-22.0,69,0,4.61
207,Itarema,-2.9248,-39.9167,80.35,83,100,12.5
208,Sumenep,-7.0167,113.8667,82.92,73,67,1.48
209,Tomatlán,19.9333,-105.25,64.49,69,31,3.65
210,Marawi,7.9986,124.2928,82.0,81,100,3.0
211,Coquimbo,-29.9533,-71.3436,62.6,88,90,4.61
212,Barberton,-25.7884,31.0532,68.0,100,100,5.75
213,Waipawa,-41.4122,175.5153,65.75,56,100,18.41
214,Maturin,9.75,-63.1767,71.53,97,8,4.97
215,Hervey Bay,-25.2986,152.8535,82.0,66,94,4.0
216,Alofi,-19.0595,-169.9187,87.8,66,5,8.05
217,Ihosy,-22.4,46.1167,66.78,90,100,9.71
218,Cockburn Town,21.4612,-71.1419,77.0,78,40,13.8
219,Constitución,-35.3333,-72.4167,56.39,87,50,8.77
220,Mount Gambier,-37.8333,140.7667,66.2,55,75,14.97
221,Constantine,36.365,6.6147,46.4,71,75,6.91
222,Batemans Bay,-35.7167,150.1833,69.06,74,7,5.01
223,Namatanai,-3.6667,152.4333,84.15,73,90,6.38
224,Sibu,2.3,111.8167,77.0,94,20,2.3
225,Vila Franca do Campo,37.7167,-25.4333,57.09,72,20,23.02
226,Hecun,36.5333,114.1111,54.72,50,0,1.88
227,Fortuna,40.5982,-124.1573,49.57,87,40,8.05
228,Laï,9.3952,16.2989,72.39,20,0,3.69
229,Petropavlovsk-Kamchatskiy,53.0452,158.6483,12.2,52,71,2.24
230,Rokytne,51.2796,27.214,17.64,97,100,10.13
231,Morón,-34.6534,-58.6198,70.5,94,61,4.61
232,Gayéri,12.6497,0.4931,73.9,17,0,7.85
233,Ürümqi,43.801,87.6005,15.8,86,75,2.24
234,Hambantota,6.1241,81.1185,73.4,100,40,1.14
235,Kirakira,-10.4544,161.9205,84.76,74,68,10.65
236,Price,39.5994,-110.8107,33.8,86,90,8.52
237,Santa María del Oro,25.9333,-105.3667,51.13,46,1,7.56
238,Sistranda,63.7256,8.834,33.8,75,75,20.71
239,College,64.8569,-147.8028,4.32,66,20,3.44
240,Bilibino,68.0546,166.4372,-8.28,85,100,7.54
241,The Valley,18.217,-63.0578,77.92,69,40,12.66
242,Coyhaique,-45.5752,-72.0662,59.0,51,0,9.22
243,Hofn,64.2539,-15.2082,38.88,89,100,20.07
244,Comodoro Rivadavia,-45.8667,-67.5,71.6,28,0,23.02
245,Ushumun,52.7833,126.5333,-5.67,90,100,10.04
246,Beira,-19.8436,34.8389,77.0,88,40,9.22
247,Laguna,38.421,-121.4238,58.93,44,1,6.91
248,Maceió,-9.6658,-35.7353,75.2,94,40,3.44
249,Vestmannaeyjar,63.4427,-20.2734,42.73,86,100,47.96
250,Ahipara,-35.1667,173.1667,74.14,73,100,9.08
251,Ereymentau,51.6199,73.1033,18.84,96,100,7.18
252,Lavrentiya,65.5833,-171.0,0.72,92,100,10.87
253,Placerville,38.7296,-120.7986,43.34,65,1,1.86
254,Saint George,37.1041,-113.5841,49.6,61,75,14.97
255,Lima,-12.0432,-77.0282,72.68,73,0,13.8
256,Plouzané,48.3833,-4.6167,38.57,93,90,20.71
257,Rørvik,64.8621,11.2373,36.37,81,100,10.25
258,Visby,57.6409,18.296,29.5,74,1,19.57
259,Smidovich,48.6,133.8167,11.05,90,0,13.69
260,Zyryanka,65.75,150.85,-18.53,87,100,12.68
261,Vilhena,-12.7406,-60.1458,70.74,96,100,2.75
262,Griffith,41.5284,-87.4237,5.61,72,40,8.05
263,Zhangye,38.9342,100.4517,30.24,84,9,9.93
264,Phuket,8.0,98.25,80.6,74,20,5.75
265,Geraldton,-28.7667,114.6,86.0,39,75,8.05
266,Santa Cruz de la Sierra,-17.8,-63.1667,78.8,78,75,5.75
267,Kautokeino,69.0125,23.0412,6.21,87,95,5.08
268,Ipirá,-12.1583,-39.7372,71.78,81,57,11.68
269,Sobolevo,54.4299,31.8996,7.74,90,100,14.43
270,Joshīmath,30.5667,79.5667,44.78,42,37,5.44
271,Kudahuvadhoo,2.6708,72.8944,81.46,70,98,8.46
272,Manta,-0.95,-80.7333,80.6,78,75,3.44
273,Longyearbyen,78.2186,15.6401,6.8,66,75,3.44
274,Gombong,-7.6072,109.5142,66.99,73,44,1.07
275,Kolondiéba,11.0882,-6.8926,73.78,20,0,1.14
276,Ashington,50.9331,-0.3909,35.73,68,100,1.01
277,Kiama,-34.6833,150.8667,71.87,60,75,13.8
278,Mitsamiouli,-11.3847,43.2844,82.27,79,84,11.59
279,Shenkursk,62.1091,42.896,-5.69,90,99,7.76
280,Jiuquan,39.7432,98.5174,28.85,85,1,4.59
281,Haines Junction,60.7522,-137.5108,-9.4,64,0,0.81
282,Yinchuan,38.4681,106.2731,35.91,71,85,5.57
283,Margate,51.3813,1.3862,32.74,45,100,8.99
284,Roald,62.5833,6.1333,20.3,63,0,16.11
285,Makakilo City,21.3469,-158.0858,80.15,65,75,10.36
286,Cabedelo,-6.9811,-34.8339,78.8,89,40,3.44
287,Pangnirtung,66.1451,-65.7125,-23.03,79,87,1.57
288,Arraial do Cabo,-22.9661,-42.0278,76.28,87,100,18.32
289,Bambous Virieux,-20.3428,57.7575,77.47,83,40,12.66
290,Henties Bay,-22.116,14.2845,67.51,89,59,3.56
291,Nchelenge,-9.3451,28.734,69.66,83,99,2.64
292,Ugoofaaru,5.6667,73.0,80.31,70,19,7.61
293,Lincoln,40.8,-96.667,1.36,66,1,3.44
294,Naze,28.3667,129.4833,69.8,88,75,16.11
295,Chișinău,47.0056,28.8575,23.0,74,90,8.05
296,Heyang,26.1011,107.473,57.69,77,34,1.9
297,Buala,-8.145,159.5921,83.21,81,100,12.39
298,Ust-Nera,64.5667,143.2,-5.35,82,73,5.66
299,Codrington,-38.2667,141.9667,62.91,63,100,10.89
300,Cabo San Lucas,22.8909,-109.9124,67.46,68,1,10.36
301,Itoman,26.1247,127.6694,72.01,88,75,5.75
302,Port Said,31.2565,32.2841,60.8,77,0,6.91
303,Jining,35.405,116.5814,55.0,1,100,6.35
304,Nishihara,26.1842,127.7558,72.34,83,75,8.05
305,Hohhot,40.8106,111.6522,28.4,59,20,11.18
306,Sambava,-14.2667,50.1667,75.51,88,68,5.66
307,Airai,-8.9266,125.4092,71.98,78,100,3.74
308,Kerema,-7.9631,145.7785,86.09,61,100,5.37
309,Makīnsk,52.6292,70.4169,19.85,98,100,9.86
310,Luwuk,-0.9516,122.7875,82.0,69,100,0.25
311,Vao,-22.6667,167.4833,80.08,74,0,8.72
312,Sohag,26.557,31.6948,50.0,66,0,2.3
313,Lata,40.1629,-8.3327,49.66,92,100,2.57
314,Erzin,36.9559,36.2,51.01,92,4,1.99
315,Sept-Îles,50.2001,-66.3821,7.27,66,1,5.75
316,Kiruna,67.8557,20.2251,-4.0,84,0,3.44
317,Ingham,42.6,-84.3833,16.38,86,90,3.78
318,Fortuna Foothills,32.6578,-114.4119,65.5,34,1,16.11
319,Waitati,-45.75,170.5667,66.99,59,100,5.99
320,Cairns,-16.9167,145.7667,87.51,74,40,8.05
321,Muravlenko,63.7898,74.523,-32.31,85,19,6.71
322,Vermillion,42.7794,-96.9292,-7.24,77,1,4.61
323,Neryungri,56.6709,124.6491,-15.5,84,100,11.99
324,Chui,-33.6971,-53.4616,69.66,93,87,7.76
325,Am Timan,11.0297,20.2827,72.39,21,0,5.1
326,Lyangasovo,58.5176,49.4472,7.5,95,100,8.66
327,Lompoc,34.6391,-120.4579,51.04,71,1,13.8
328,Kununurra,-15.7667,128.7333,86.0,79,40,9.22
329,San Lazaro,18.0387,-88.6622,80.6,83,0,4.61
330,Salto del Guairá,-24.0625,-54.3069,72.66,81,44,3.36
331,San,13.3034,-4.8956,76.17,17,4,5.99
332,Trat,12.5,102.5,82.42,55,96,1.45
333,Chengde,40.9725,117.9361,25.77,95,100,3.96
334,Belmonte,-15.8631,-38.8828,77.0,78,0,12.66
335,Gobabis,-22.45,18.9667,66.81,78,76,7.0
336,Mossamedes,-15.1961,12.1522,73.2,73,98,5.97
337,San Patricio,28.017,-97.5169,32.9,86,90,12.66
338,Kaitong,44.8135,123.15,12.9,71,100,9.98
339,Sâncraiu,46.8333,22.9833,21.11,68,90,3.44
340,Manga,11.6636,-1.0731,73.71,18,0,6.22
341,Guangyuan,32.442,105.823,45.68,72,54,1.99
342,Tessalit,20.1986,1.0114,69.87,18,0,15.48
343,Fairhope,30.523,-87.9033,41.29,87,90,6.91
344,Nea Stira,38.1833,24.2,42.69,99,100,14.0
345,Rocha,-34.4833,-54.3333,67.21,94,23,5.41
346,Malanville,11.8685,3.3899,73.92,17,0,6.64
347,Mosquera,4.7059,-74.2302,53.6,94,20,2.3
348,Tabas,33.5959,56.9244,48.2,23,13,2.3
349,Kisangani,0.5167,25.2,73.98,70,27,2.84
350,Boyuibe,-20.4167,-63.2833,70.39,82,86,1.7
351,Turinsk,58.0458,63.696,18.46,98,100,9.66
352,Acapulco de Juárez,16.8634,-99.8901,77.0,69,20,6.91
353,Rawson,-43.3002,-65.1023,70.88,73,0,12.48
354,Nawābganj,24.5911,88.271,65.89,52,0,2.86
355,Elk City,35.412,-99.4043,12.2,67,90,11.5
356,Phulpur,25.55,82.1,58.28,53,0,2.95
357,Rio Grande,-32.035,-52.0986,75.0,94,0,8.63
358,Lagoa,39.05,-27.9833,56.55,69,38,31.88
359,Viranşehir,37.2353,39.7631,48.13,73,0,3.56
360,Antofagasta,-23.65,-70.4,68.0,68,0,4.61
361,Asmara,15.3333,38.9333,52.0,92,15,2.86
362,Nyzhnya Duvanka,49.5846,38.1743,10.9,89,100,19.95
363,Teluk Nibung,3.001,99.8164,82.04,75,100,4.81
364,Neiafu,-18.65,-173.9833,84.2,74,40,6.91
365,Port Hedland,-20.3167,118.5667,86.0,58,0,9.22
366,Plean,56.0652,-3.876,32.23,69,90,3.44
367,Shingū,33.7333,135.9833,62.6,55,75,10.36
368,Jacareacanga,-6.2222,-57.7528,74.86,96,100,2.51
369,Mercedes,-34.6515,-59.4307,65.68,99,5,4.65
370,Yar-Sale,66.8333,70.8333,-28.75,85,30,4.03
371,Sur,22.5667,59.5289,66.97,68,0,1.77
372,Ouallam,14.3188,2.0866,74.23,17,0,8.41
373,Matadi,-5.8167,13.45,75.49,87,100,1.39
374,Nizhnevartovsk,60.9344,76.5531,-13.0,77,0,6.71
375,Katsuura,35.1333,140.3,54.91,60,100,3.0
376,Campobello di Mazara,37.6358,12.7443,46.49,71,75,13.8
377,Serebryansk,49.6925,83.2892,-13.0,84,40,2.24
378,Gemeente Goirle,51.5167,5.05,22.62,68,90,8.05
379,Half Moon Bay,37.4636,-122.4286,51.48,82,1,16.11
380,Ust'-Uda,54.1742,103.0304,-5.64,90,100,2.19
381,Buraidah,26.326,43.975,55.4,76,0,2.3
382,Rhyl,53.3196,-3.4886,34.7,79,100,25.01
383,Kalawit,8.0667,122.5167,83.93,71,88,1.92
384,Zwedru,6.0667,-8.1281,74.61,93,48,4.03
385,Mayahi,13.9553,7.6712,68.49,23,0,8.28
386,Coruripe,-10.1256,-36.1756,76.53,79,3,7.96
387,Aracati,-4.5617,-37.7697,81.23,76,2,13.69
388,Yumen,40.2833,97.2,28.47,86,0,13.71
389,Smoky Lake,54.1169,-112.4686,-12.96,70,0,4.61
390,Santa Isabel,-23.3156,-46.2214,68.0,100,0,6.91
391,Mashhad,36.297,59.6062,41.0,56,0,4.61
392,Vryburg,-26.9566,24.7284,70.61,59,24,9.24
393,Bloemfontein,-29.1211,26.214,68.0,77,16,10.36
394,São Filipe,14.8961,-24.4956,70.12,75,0,10.11
395,Davidson,36.1501,-86.7833,24.55,93,90,10.36
396,Japura,-0.3167,102.35,80.98,76,72,4.5
397,Bull Savanna,17.8868,-77.5902,71.65,87,11,10.58
398,Auki,-8.7676,160.7034,81.91,81,100,8.7
399,San Cristobal,7.7669,-72.225,67.64,79,52,1.72
400,Lorengau,-2.0226,147.2712,82.58,77,100,5.88
401,Rosário Oeste,-14.8361,-56.4275,73.42,90,100,4.5
402,Sandwick,60.0,-1.25,39.2,65,90,37.98
403,Ancud,-41.8697,-73.8203,51.93,71,0,4.61
404,Beian,63.6559,9.5683,33.8,75,75,20.71
405,Xam Nua,20.4197,104.0439,59.07,85,98,2.42
406,Port Keats,-14.25,129.55,87.84,66,100,8.57
407,Klichka,50.4457,117.996,-12.19,87,0,4.47
408,Tazovsky,67.4667,78.7,-38.97,82,3,4.25
409,Vila Velha,-20.3297,-40.2925,77.54,83,0,6.91
410,Opuwo,-18.0607,13.84,60.01,90,75,1.14
411,Port Lincoln,-34.7333,135.8667,64.42,66,91,11.1
412,Tāybād,34.74,60.7756,48.79,46,0,4.88
413,Camacha,33.0833,-16.3333,55.4,88,20,3.44
414,Pavlodar,52.3,76.95,15.8,86,90,6.71
415,Rolla,37.9514,-91.7713,5.83,66,1,12.66
416,Saldanha,-33.0117,17.9442,66.2,88,8,2.3
417,Trogir,43.5125,16.2517,29.3,27,0,19.57
418,Puri,19.8,85.85,66.2,82,0,9.66
419,Westport,41.1415,-73.3579,27.72,43,90,10.36
420,Wajima,37.4,136.9,55.4,62,0,11.5
421,Joensuu,62.6012,29.7632,14.0,92,90,4.61
422,Noumea,-22.2763,166.4572,86.67,66,15,8.05
423,Karaman Province,37.0833,33.25,38.44,88,1,15.79
424,Katobu,-4.9408,122.5276,85.41,68,99,9.24
425,Harare,-17.8294,31.0539,64.0,93,88,5.01
426,Muromtsevo,56.3724,75.2418,13.84,96,100,3.8
427,Lumphat,13.4878,106.9816,75.31,51,0,5.79
428,Klaksvík,62.2266,-6.589,37.4,87,90,42.57
429,Zuwārah,32.9312,12.082,58.05,74,26,15.23
430,Port Blair,11.6667,92.75,80.6,78,90,6.91
431,Tarija,-21.5355,-64.7296,62.78,81,91,1.34
432,Oranjemund,-28.55,16.4333,64.09,89,50,3.76
433,General Roca,-39.0333,-67.5833,84.2,23,0,11.5
434,Colares,38.7992,-9.4469,53.78,87,99,1.99
435,Cidreira,-30.1811,-50.2056,73.83,86,97,5.53
436,Karpogory,64.0019,44.4451,-11.29,89,78,5.26
437,Padang,-0.9492,100.3543,82.4,78,20,2.3
438,Valley City,46.9233,-98.0032,-22.0,63,90,9.22
439,Galesburg,40.9478,-90.3712,-4.58,71,1,11.5
440,Jaboticabal,-21.2547,-48.3222,73.4,88,75,9.22
441,Cabrero,-37.0333,-72.4,65.98,68,0,4.61
442,Guarapari,-20.6667,-40.4975,77.54,83,0,6.91
443,Bonavista,48.6499,-53.1147,21.52,73,99,10.36
444,Ketchikan,55.3422,-131.6461,36.32,35,1,10.36
445,Champerico,14.3,-91.9167,66.34,90,0,9.53
446,Malanje,-9.5402,16.341,60.42,94,41,4.27
447,La Rioja,42.25,-2.5,39.2,93,0,5.73
448,Talnakh,69.4865,88.3972,-24.29,85,100,2.51
449,Arman',59.7,150.1667,3.29,82,4,6.85
450,Kismayo,-0.3582,42.5454,76.03,86,0,13.85
451,Weligama,5.9667,80.4167,77.31,85,8,2.42
452,Praia,14.9215,-23.5087,68.0,77,20,16.11
453,Yulara,-25.2406,130.9889,80.6,41,75,14.97
454,Adrar,20.5022,-10.0711,64.04,24,0,11.74
455,Khani,41.9563,42.9566,37.4,100,20,1.14
456,Florianópolis,-27.6146,-48.5012,77.0,83,40,3.44
457,Kysyl-Syr,63.8986,122.7617,-13.59,88,100,8.32
458,Pisco,-13.7,-76.2167,70.48,78,0,20.71
459,Visnes,59.3556,5.2242,29.79,69,20,13.8
460,Gomel,52.4345,30.9754,6.4,85,75,15.66
461,Novoagansk,61.9449,76.6625,-22.27,87,0,6.69
462,Safaga,26.7292,33.9365,65.71,39,0,11.59
463,Gejiu,23.306,103.1635,48.54,100,63,4.47
464,Ust'-Koksa,50.2696,85.6108,5.9,74,3,0.94
465,Walvis Bay,-22.9575,14.5053,68.0,83,76,3.44
466,Culpeper,38.5004,-77.9664,28.85,93,90,4.61
467,Sihorā,23.4833,80.1167,60.71,39,0,3.76
468,Tabou,4.423,-7.3528,78.37,90,0,7.67
469,Il’inskiy,55.619,38.1182,6.04,78,75,8.95
470,Kavieng,-2.5744,150.7967,84.18,74,75,6.67
471,Belaya Gora,68.5333,146.4167,-21.62,84,0,2.44
472,Chicamán,15.4,-90.7667,59.52,100,64,0.72
473,Salinas,36.6777,-121.6555,53.64,67,1,16.11
474,Basco,20.4487,121.9702,72.99,73,1,9.53
475,Zeya,53.75,127.2667,-1.44,85,0,2.75
476,Portland,45.5234,-122.6762,28.99,69,90,11.5
477,Miles City,46.4083,-105.8406,-11.2,64,1,5.75
478,Yatou,37.15,122.3833,48.56,65,100,6.33
479,Ostrovnoy,68.0531,39.5131,-7.29,91,70,5.41
480,Kambove,-10.8764,26.5969,60.96,98,100,3.2
481,Mehamn,71.0357,27.8492,24.39,89,100,11.52
482,Okha,53.5739,142.9478,16.43,96,100,7.07
483,Avera,33.194,-82.5271,40.64,95,90,3.44
484,Tuatapere,-46.1333,167.6833,59.18,82,100,4.54
485,Masterton,-40.9597,175.6575,70.0,66,100,3.0
486,Dali,25.7,100.1833,52.54,46,0,1.21
487,Nuuk,64.1835,-51.7216,14.0,73,90,16.11
488,Yāval,21.1667,75.7,69.26,30,0,0.27
489,Pacific Grove,36.6177,-121.9166,52.25,81,45,5.01
490,Takoradze,4.8845,-1.7554,79.83,87,0,9.86
491,Pitimbu,-7.4706,-34.8086,78.8,89,40,3.44
492,Llangefni,53.2556,-4.3106,43.45,75,75,28.77
493,La Ronge,55.1001,-105.2842,-13.88,70,77,2.3
494,Kholm,59.2667,32.85,-0.53,89,69,6.33
495,Dezhou,37.4486,116.2925,54.88,67,18,3.0
496,Banganapalle,15.3167,78.2333,65.35,65,87,4.16
497,Bhāyāvadar,21.85,70.25,59.16,86,0,4.52
498,Rimbey,52.6334,-114.2353,-11.15,77,2,11.5
499,Hobyo,5.3505,48.5268,74.97,79,23,15.86
500,Narsaq,60.9167,-46.05,41.0,42,75,3.44
501,Pasni,25.2631,63.471,67.78,59,0,6.46
502,Idrinskoye,54.3708,92.1358,-0.09,91,100,2.53
503,Chipiona,36.7366,-6.437,51.94,82,0,9.22
504,Aleksandrów Kujawski,52.8766,18.6935,19.99,86,39,11.14
505,La Esperanza,14.8667,-91.5667,64.38,90,38,0.85
506,Mahina,-17.5065,-149.489,84.09,74,75,12.66
507,Ōhara,35.25,140.3833,52.2,71,75,1.14
508,Chaman,30.9236,66.4512,49.05,43,3,1.63
509,Lucea,18.451,-78.1736,77.29,69,20,9.22
510,Al Bardīyah,31.7561,25.0865,56.05,70,0,11.21
511,Usinsk,65.9939,57.5281,-23.33,86,0,9.55
512,Havøysund,70.9963,24.6622,24.8,80,75,8.05
513,Wendo,6.6,38.4167,63.0,53,84,3.0
514,Borazjan,29.2666,51.2159,59.0,88,12,6.91
515,Langevåg,62.4375,6.1892,19.04,63,0,16.11
516,Opmeer,52.7067,4.9444,22.28,78,46,1.99
517,Ashland,40.8167,-82.2665,21.96,86,90,8.05
518,Tagbina,8.4519,126.1714,88.23,59,100,0.94
519,Bundaberg,-24.85,152.35,82.4,57,75,9.22
520,Sabang,5.8933,95.3214,82.31,71,6,5.44
521,Sonoita,31.85,-112.8333,59.0,45,100,15.01
522,Presidente Olegário,-18.4178,-46.4181,68.0,100,100,1.16
523,Eureka,40.8021,-124.1637,49.96,78,47,5.01
524,Erenhot,43.6475,111.9767,2.3,86,46,6.78
525,Vestmanna,62.1564,-7.1664,37.4,87,90,42.57
526,Karabash,55.4808,60.2157,22.37,95,100,9.78
527,Kendari,-3.945,122.4989,85.21,64,96,6.49
528,Lhokseumawe,5.1801,97.1507,80.91,75,62,4.5
529,Anadyr,64.75,177.4833,19.4,79,90,2.24
530,Komsomolets,53.7453,62.0708,24.15,96,100,14.52
531,Castellammare del Golfo,38.0188,12.8858,52.18,66,75,18.41
532,Chikwawa,-16.0335,34.8009,76.08,80,51,6.08
533,Mackay,-21.15,149.2,89.1,55,53,10.36
534,Vila,42.0304,-8.1588,48.0,95,100,1.99
535,Muros,42.7762,-9.0603,56.1,83,100,1.99
536,Mirpur Sakro,24.5474,67.6277,59.0,94,0,4.61
537,Guerrero Negro,27.9769,-114.0611,59.32,72,95,16.53
538,Kaya,13.0917,-1.0844,75.79,16,0,8.9
539,Olinda,-8.0089,-34.8553,78.8,69,75,8.05
540,Srednekolymsk,67.45,153.6833,-15.56,85,100,9.35
541,Tyazhinskiy,56.116,88.524,4.51,94,100,10.13
542,Iqaluit,63.7506,-68.5145,-9.4,64,20,3.44
543,Cap Malheureux,-19.9842,57.6142,75.99,82,2,8.99
544,Katangli,51.7102,143.2326,20.57,95,100,5.44
545,Brae,60.3964,-1.353,39.2,70,90,34.52
546,Buritis,-15.6178,-46.4233,72.43,87,100,3.65
547,Kaohsiung City,22.6163,120.3133,72.18,69,75,1.14
548,Waterloo,43.4668,-80.5164,10.36,85,90,8.05
549,Qasigiannguit,68.8193,-51.1922,12.2,85,90,17.27
550,Molfetta,41.2002,16.5975,38.12,52,75,16.11
551,Salta,-24.7859,-65.4117,68.0,83,0,2.3
552,Agapovka,53.2973,59.1348,21.2,100,90,11.18
553,Elizabeth City,36.2946,-76.2511,38.73,93,90,16.11
554,Tucupita,9.0622,-62.051,71.74,97,0,4.45
555,Galle,6.0367,80.217,77.77,83,14,1.97
556,Atessa,42.0693,14.4511,27.0,78,59,11.01
557,Grand Gaube,-20.0064,57.6608,75.99,82,0,8.99
558,Sehithwa,-20.4667,22.7167,68.79,88,77,0.63
559,Taloqan,36.7361,69.5345,47.08,49,0,3.89
560,Qaqortoq,60.7167,-46.0333,41.0,42,75,3.44
561,Richards Bay,-28.783,32.0377,75.04,95,100,2.8
562,Husavik,66.0449,-17.3389,37.4,70,40,21.85
563,Nizwá,22.9333,57.5333,56.07,61,0,2.1
564,Teknāf,20.8624,92.3058,68.36,51,0,5.46
565,San Quintín,30.4833,-115.95,57.72,77,97,16.89
